form,xml_field_name,line_number,label
1120,@filedPursuantToSect30191002Cd,,"Form 1120, Top left margin - FILED PURSUANT TO SECTION 301.9100-2"
1120,@section1291InterestAmt,,"Form 1120, Top Left Margin - Section 1291 Interest Amount"
1120,@section1291InterestCd,,"Form 1120, Top Left Margin - Section 1291 Interest Indicator"
1120,@section1294InterestAmt,,"Form 1120, Top Left Margin - Section 1294 Interest Amount"
1120,@section1294InterestCd,,"Form 1120, Top Left Margin - Section 1294 Interest Indicator"
1120,@section501dCd,,"Form 1120, Top Left Margin - Section 501d Indicator"
1120,@shortPeriodReasonCd,,"Form 1120, Top left margin - Short Period Reason 1120 1120F Indicator"
1120,@subchapterTCoopIndicator,,"Form 1120, Top Left Margin - Subchapter T Cooperative Indicator"
1120,@suprtStmtToCnsldtReturnInd,,"Form 1120, Top left margin - Support Statement to Consolidated Return Indicator"
1120,AccountsPayableBOYAmt,,
1120,AccountsPayableEOYAmt,,
1120,AccumulatedAmortizationBOYAmt,,
1120,AccumulatedAmortizationEOYAmt,,
1120,AccumulatedDepletionBOYAmt,,
1120,AccumulatedDepletionEOYAmt,,
1120,AccumulatedDepreciationBOYAmt,,
1120,AccumulatedDepreciationEOYAmt,,
1120,AcquireForeignCorpStockInd,,
1120,AdditionalPaidInCapitalBOYAmt,,
1120,AdditionalPaidInCapitalEOYAmt,,
1120,AddressChangeInd,,
1120,AdjustmentToShrEqtyBOYAmt,,
1120,AdjustmentToShrEqtyEOYAmt,,
1120,AdvertisingAmt,,
1120,AlternativeTaxQlfyShipActyAmt,,
1120,AmendedReturnInd,,
1120,ApplicableCorpSect59k1CYInd,,
1120,ApplicableCorpSect59k1PYInd,,
1120,AqrOrRepurchasePubTradedStkInd,,
1120,BadDebtAllowanceBOYAmt,,
1120,BadDebtAllowanceEOYAmt,,
1120,BadDebtExpenseAmt,,
1120,BalanceAmt,,
1120,BalanceDueAmt,,
1120,BalanceIncomeOtherIncreasesAmt,,
1120,BaseErosionMinimumTaxAmt,,
1120,BeginningYearBalanceAmt,,
1120,BuildingOtherDeprecAstBOYAmt,,
1120,BuildingOtherDeprecAstEOYAmt,,
1120,CYGenBusinessCreditAllowedAmt,,
1120,CYRefundableMinimumTaxCrAmt,,
1120,CapitalCommonStockBOYAmt,,
1120,CapitalCommonStockEOYAmt,,
1120,CapitalGainNetIncomeAmt,,
1120,CapitalPreferredStockBOYAmt,,
1120,CapitalPreferredStockEOYAmt,,
1120,CapitalStockBOYAmt,,
1120,CapitalStockEOYAmt,,
1120,CashBOYAmt,,
1120,CashDistributionAmt,,
1120,CashEOYAmt,,
1120,CertainAffltCompanyDedAmt,,
1120,CertainAffltCompanyDivRcvdAmt,,
1120,CertainFSCDedAmt,,
1120,CertainFSCDivRcvdAmt,,
1120,CharitableContriExpnssAmt,,
1120,CharitableContributionsDedAmt,,
1120,CharitableContributionsTotAmt,,
1120,CnsldtRetGroSlsSpcfdBssAdjInd,,
1120,ConsolidatedReturnInd,,
1120,ControlledGroupMemberInd,,
1120,CooperativeBasisInd,,
1120,CorpAlternativeMinimumTaxAmt,13,
1120,CorpAlternativeMinimumTaxAmt/@IRS4626,3,Schedule J Line 3 - Form 4626 Indicator
1120,CorpOwnPercentPartnershipInfo,,
1120,CorpOwnPercentVotingStockInfo,,
1120,CorporationOwnPctPrtshpInd,,
1120,CorporationOwnedPctVtngStkInd,,
1120,CostOfGoodsSoldAmt,,
1120,CostOfTreasuryStockBOYAmt,,
1120,CostOfTreasuryStockEOYAmt,,
1120,CurrentYearAllowableCreditAmt,,
1120,CurrentYearMinimumTaxCreditAmt,,
1120,DebtFincdStockCorpDeductionAmt,,
1120,DebtFincdStockCorpDivRcvdAmt,,
1120,DepletableAssetsBOYAmt,,
1120,DepletableAssetsEOYAmt,,
1120,DepletionAmt,,
1120,DepreciationAmt,,
1120,DepreciationDeductionAmt,,
1120,DepreciationExpensesAmt,,
1120,DisposOver65PctAstTxblTransInd,,
1120,DistributionsOtherDecreasesAmt,,
1120,DivRcvdDedLimitationAmt,,
1120,DivRcvdLimitationAmt,,
1120,DomCorp20OrMoreOwnDeductionAmt,,
1120,DomCorp20OrMoreOwnDivRcvdAmt,,
1120,DomCorpBelow20OwnDeductionAmt,,
1120,DomCorpBelow20OwnDivRcvdAmt,,
1120,DomSmallBusInvstCoDedAmt,,
1120,DomSmallBusInvstCoDivRcvdAmt,,
1120,ElectivePaymentAmt,,
1120,EmployeeBenefitProgramAmt,,
1120,EndYearBalanceAmt,7,
1120,EnergyEffcntCmrclBldgDedAmt,,
1120,EsPenaltyAmt,,
1120,EstimatedTaxPaymentsAmt,,
1120,EstimatedTaxPaymentsAmt/@beneficiaryTrustAmt,14,Line 14 - Beneficiary Of Trust Amount
1120,EstimatedTaxPaymentsAmt/@beneficiaryTrustCd,14,Line 14 - Beneficiary Of Trust Indicator
1120,EstimatedTaxPaymentsAmt/@form8816Amt,14,"Form 1120, Page 3, Schedule J, Part III, Line 14 - Form 8816 Amount"
1120,EstimatedTaxPaymentsAmt/@form8816Cd,14,"Form 1120, Page 3, Schedule J, Part III, Line 14 - Form 8816 Indicator"
1120,EstimatedTaxPaymentsAmt/@section847DeductionCd,14,
1120,ExcessCapLossesOverCapGainsAmt,,
1120,ExcessDividendsPaidInd,,
1120,FederalIncomeTaxPerBooksAmt,,
1120,FederalIncomeTaxWithheldAmt,,
1120,FinalReturnInd,,
1120,ForeignDivGrossUpTotRcvdAmt,,
1120,ForeignEntityRepurchasesInd,,
1120,ForeignOwnStockCountryCd,,
1120,ForeignTaxCreditAmt,,
1120,Form2220AttachedInd,,
1120,Form8996AttachedInd,,
1120,FrgnCorp20OrMoreOwnDedAmt,,
1120,FrgnCorp20OrMoreOwnDivRcvdAmt,,
1120,FrgnCorpBelow20OwnDeductionAmt,,
1120,FrgnCorpBelow20OwnDivRcvdAmt,,
1120,FrgnOwn25PctTotVotingPowerInd,,
1120,FrgnSrceDiv10PctOwnDedAmt,,
1120,FrgnSrceDiv10PctOwnDivRcvdAmt,,
1120,GILTIReceivedAmt,,
1120,GrossProfitAmt,,
1120,GrossReceiptsLast3YearsInd,,
1120,GrossReceiptsOrSalesAmt,,
1120,GrossRentsAmt,,
1120,GrossRoyaltiesAmt,,
1120,ICDISCFormerDISCDivRcvdAmt,,
1120,InactivePrincipalBusActyCd,,
1120,IncmTxBaseErosionTxCAMTSumAmt,,
1120,IncomeAmt,,
1120,IncomeDeductionsSubtotalAmt,,
1120,IncomeExpensesSubtotalAmt,,
1120,IncomeTaxAmt,,
1120,IncomeTaxAmt/@form8978Amt,1,Schedule J Line 1 - Section 8978 Amount
1120,IncomeTaxAmt/@form8978Cd,1,Schedule J Line 1 - Section 8978 Indicator
1120,IncomeTaxAmt/@section1291Amt,1,Schedule J Line 1 - Section 1291 Amount
1120,IncomeTaxAmt/@section1291Cd,1,Schedule J Line 1 - Section 1291 Indicator
1120,IncomeTaxAmt/@section197Amt,1,Schedule J Line 1 - Section 197 Amount
1120,IncomeTaxAmt/@section197Cd,1,Schedule J Line 1 - Section 197 Indicator
1120,IncorporationDt,,
1120,IndivEstTrOwnPctVtngStkInd,,
1120,InitialReturnInd,,
1120,IntDueUndLkbckMthdIncmFrcstAmt,,
1120,IntDueUndLkbckMthdLTCntrctAmt,,
1120,IntangibleAssetsBOYAmt,,
1120,IntangibleAssetsEOYAmt,,
1120,InterestDeductionAmt,,
1120,InterestTaxDueSection453AcAmt,,
1120,InterestTaxDueSection453IAmt,,
1120,InventoriesBOYAmt,,
1120,InventoriesEOYAmt,,
1120,LandBOYAmt,,
1120,LandEOYAmt,,
1120,LifeNonlifeConsolidatedRetInd,,
1120,LoansFromShareholdersBOYAmt,,
1120,LoansFromShareholdersEOYAmt,,
1120,LoansToShareholdersBOYAmt,,
1120,LoansToShareholdersEOYAmt,,
1120,LongTermPayableBOYAmt,,
1120,LongTermPayableEOYAmt,,
1120,MemberOfControlledGroupInd,,
1120,MethodOfAccountingAccrualInd,,
1120,MethodOfAccountingCashInd,,
1120,MethodOfAccountingOtherInd,,
1120,MethodOfAccountingOtherInd/,,
1120,MissingEINReasonCd,,
1120,MortgageRealEstateLoansBOYAmt,,
1120,MortgageRealEstateLoansEOYAmt,,
1120,NOLCarryoverFromPriorYearAmt,,
1120,NOLForegoCarrybackInd,,
1120,NameChangeInd,,
1120,NetDepletableAssetsBOYAmt,,
1120,NetDepletableAssetsEOYAmt,,
1120,NetDepreciableAssetsBOYAmt,,
1120,NetDepreciableAssetsEOYAmt,,
1120,NetGrossReceiptsOrSalesAmt,,
1120,NetIncomeLossPerBooksAmt,,
1120,NetIntangibleAssetsBOYAmt,,
1120,NetIntangibleAssetsEOYAmt,,
1120,NetOperatingLossDeductionAmt,,
1120,NetSection965TaxLiabPaidAmt,,
1120,NetTradeNotesAcctRcvblBOYAmt,,
1120,NetTradeNotesAcctRcvblEOYAmt,,
1120,NondedIntRoyaltyUndSect267AAmt,,
1120,NondedIntRoyaltyUndSect267AInd,,
1120,OfferedDebtInstrumentsInd,,
1120,OfficersCompensationAmt,,
1120,OtherAssetsBOYAmt,,
1120,OtherAssetsEOYAmt,,
1120,OtherCurrentAssetsBOYAmt,,
1120,OtherCurrentAssetsEOYAmt,,
1120,OtherCurrentLiabilitiesBOYAmt,,
1120,OtherCurrentLiabilitiesEOYAmt,,
1120,OtherDeductionsAmt,,
1120,OtherDivForeignCorpTotRcvdAmt,,
1120,OtherDividendsTotRcvdAmt,,
1120,OtherIncomeAmt,,
1120,OtherIncomeAmt/@otherIncomeDesc,10,Line 10 - Other Income Item
1120,OtherInvestmentsBOYAmt,,
1120,OtherInvestmentsEOYAmt,,
1120,OtherLiabilitiesBOYAmt,,
1120,OtherLiabilitiesEOYAmt,,
1120,OtherRefundableCreditsAmt,,
1120,OtherSubpartFNotIncludedAmt,,
1120,OtherTaxesAmt,,
1120,OverpaymentOfEstimatedTaxAmt,,
1120,OverpaymentSection/AppliedToEsTaxAmt,,
1120,OverpaymentSection/OverpaymentAmt,,
1120,OverpaymentSection/RefundAmt,,
1120,OwnershipByValuePct,,
1120,OwnershipByVotePct,,
1120,OwnershipChg80PctOrMoreInd,,
1120,OwnershipPctVoteVlGrtr50PctInd,,
1120,ParentCorporationEIN,,
1120,ParentCorporationName/BusinessNameLine1Txt,,
1120,ParentCorporationName/BusinessNameLine2Txt,,
1120,ParentReturnInd,1a,"Form 1120, Section A, Line 1a - Is Parent Return"
1120,PensionProfitSharingPlansAmt,,
1120,PersonalHoldingCompanyInd,,
1120,PersonalHoldingCompanyTaxAmt,,
1120,PersonalServiceCorporationInd,,
1120,PrincipalBusinessActivityCd,,
1120,PrincipalBusinessActivityDesc,,
1120,PrincipalProductDesc,,
1120,PriorYearOverpaymentCreditAmt,,
1120,PrntCorporationNameControlTxt,3,Schedule K Line 3 - Name control of the parent corporation
1120,PropertyDistributionAmt,,
1120,PrtshpCorpTrOwnPctVtngStkInd,,
1120,PubUtility20OrMoreDedAmt,,
1120,PubUtility20OrMoreDivRcvdAmt,,
1120,PubUtilityBelow20DedAmt,,
1120,PubUtilityBelow20DivRcvdAmt,,
1120,PubUtilityPrefStockDivDedAmt,,
1120,QlfyElecMotorVehCrAmt,,
1120,QlfyElecMotorVehCrAmt/@form5735Amt,5b,Schedule J Line 5b - Form 5735 Amount
1120,QlfyElecMotorVehCrAmt/@form5735Cd,5b,Schedule J Line 5b - Form 5735 Indicator
1120,QlfyOpportunityFundPenaltyAmt,,
1120,RecaptureTaxAmt,,
1120,RecaptureTaxAmt/@form8693ApprovedCd,9b,
1120,RecaptureTaxAmt/@form8693ApprovedDt,9b,"Form 1120, Page 3, Schedule J, Part I, Line 9b - Form 8693 Approval Date"
1120,RepairsAndMaintenanceAmt,,
1120,RequiredForms1099FiledInd,,
1120,RequiredToFileForms1042Ind,,
1120,RequiredToFileForms1099Ind,,
1120,RetainedEarningsApprBOYAmt,,
1120,RetainedEarningsApprEOYAmt,,
1120,RetainedEarningsUnapprBOYAmt,,
1120,RetainedEarningsUnapprEOYAmt,,
1120,ReturnsAndAllowancesAmt,,
1120,SalariesAndWagesAmt,,
1120,SatisfyOneOrMoreConditionsInd,,
1120,SatisfyRqrSect59k3ACYInd,,
1120,ScheduleM3AttachedInd,,
1120,Sect351TrnsfrFMVFMBOverLmtInd,,
1120,Section163jElectionInd,,
1120,Section250DeductionAmt,,
1120,Section965aInclusionRcvdAmt,,
1120,Section965cDeductionAmt,,
1120,ShareholderCnt,,
1120,ShortTermPayableBOYAmt,,
1120,ShortTermPayableEOYAmt,,
1120,SpecialConditionDesc,,"Form 1120, Top Left Margin - Special Condition Description"
1120,StockDistributionAmt,,
1120,SubpartFHybridDivRcvdAmt,,
1120,SubpartFLowTierCFCDedAmt,,
1120,SubpartFLowTierCFCRcvdAmt,,
1120,SubsidiaryReturnInd,1a,"Form 1120, Section A, Line 1a - Is Subsidiary Return"
1120,SupersededReturnInd,,
1120,TaxExemptInterestAmt,,
1120,TaxExemptSecuritiesBOYAmt,,
1120,TaxExemptSecuritiesEOYAmt,,
1120,TaxLessCreditsAmt,,
1120,TaxPaidForm7004Amt,,
1120,TaxableIncomeAmt,,
1120,TaxableIncomeAmt/@capitalConstructionFundAmt,30,Line 30 - CCF Amount
1120,TaxableIncomeAmt/@capitalConstructionFundCd,30,Line 30 - CCF Indicator
1120,TaxableIncomeBfrNOLSpclDedAmt,11,
1120,TaxableInterestAmt,,
1120,TaxesAndLicensesAmt,,
1120,TotDividendsInclusionsRcvdAmt,,
1120,TotIncmRecordedNotIncludedAmt,,
1120,TotalAssetsAmt,,
1120,TotalAssetsBOYAmt,,
1120,TotalAssetsEOYAmt,,
1120,TotalCashDistribtionsAmt,,
1120,TotalCreditAmt,,
1120,TotalCreditAmt/@form8978Amt,6,Schedule J Line 6 - Section 8978 Amount
1120,TotalCreditAmt/@form8978Cd,6,Schedule J Line 6 - Section 8978 Indicator
1120,TotalCreditAmt/@otherRefundableCreditsAmount,32f,"Form 1120, Page 1, Line 32f - Other Refundable Credits Amount"
1120,TotalCreditAmt/@otherRefundableCreditsInd,32f,"Form 1120, Page 1, Line 32f - Other Refundable Credits Indicator"
1120,TotalDeductionAmt,,
1120,TotalDeductionsNotChargedAmt,,
1120,TotalExpensesNotDeductedAmt,,
1120,TotalForm5472FiledCnt,,
1120,TotalFuelTaxCreditAmt,,
1120,TotalFuelTaxCreditAmt/@ozoneDepletingChemicalCd,19b,
1120,TotalIncomeAmt,,
1120,TotalIncreaseInTaxAmt,,
1120,TotalIncreaseInTaxAmt/@section1260BAmt,9a,Line 9a - Section 1260B Amount
1120,TotalIncreaseInTaxAmt/@section1260BCd,9a,Line 9a - Section 1260B Indicator
1120,TotalLiabilitiesShrEqtyBOYAmt,,
1120,TotalLiabilitiesShrEqtyEOYAmt,,
1120,TotalNOLSpecialDeductionAmt,,
1120,TotalOrdinaryGainLossAmt,17,
1120,TotalOrdinaryGainLossAmt/@form4684Cd,9,Line 9 - Form 4684 Indicator
1120,TotalOtherDecreasesAmt,,
1120,TotalOtherIncreasesAmt,,
1120,TotalOtherTaxesAndInterestAmt,,
1120,TotalPaymentsAmt,,
1120,TotalPaymentsAmt/@backupWithholdingAmount,32h,"Form 1120, Page 1, Line 32h - Backup Withholding Amount"
1120,TotalPaymentsAmt/@backupWithholdingIndicator,32h,"Form 1120, Page 1, Line 32h - Backup Withholding Indicator"
1120,TotalPaymentsAndCreditsAmt,,
1120,TotalRcptsAssetsLessThanLmtInd,,
1120,TotalRefundableCreditsAmt,,
1120,TotalRentOrLeaseExpenseAmt,,
1120,TotalSpecialDeductionsAmt,,
1120,TotalTaxAmt,,
1120,TotalTaxableIncmNotRecOnBksAmt,,
1120,TotalUndistributedLTCapGainAmt,,
1120,TradeNotesAccountsRcvblBOYAmt,,
1120,TradeNotesAccountsRcvblEOYAmt,,
1120,TravelEntertainmentAmt,,
1120,USGovernmentObligationsBOYAmt,,
1120,USGovernmentObligationsEOYAmt,,
1120,UncertainTaxPositionStmtInd,,
1120,VirtualCurAcquiredDurTYInd,,
1120,VotingStockForeignOwnedPct,,
1120,WhollyOwnFrgnSbsdryDedAmt,,
1120,WhollyOwnFrgnSbsdryDivRcvdAmt,,
1120S,@changeAnnualAccountingPeriodCd,,"Form 1120S, Top Left Margin - Change Annual Accounting Period2"
1120S,@filedPursuantToSect30191002Cd,,"Form 1120S, Top Left Margin - Section 30191002 Election Ind"
1120S,@section501dCd,,"Form 1120&#8211;S, Top Left Margin - Section 501d Indicator"
1120S,@shortPeriodReasonCd,,"Form 1120S, Top Left Margin - Short Period  Reason Ind"
1120S,AccountsPayableBOYAmt,,
1120S,AccountsPayableEOYAmt,,
1120S,AccumulatedAmortizationBOYAmt,,
1120S,AccumulatedAmortizationEOYAmt,,
1120S,AccumulatedDepletionBOYAmt,,
1120S,AccumulatedDepletionEOYAmt,,
1120S,AccumulatedDepreciationBOYAmt,,
1120S,AccumulatedDepreciationEOYAmt,,
1120S,AccumulatedEPNotDivDistriAmt,,
1120S,AccumulatedEarnProfitsBOYAmt,,
1120S,AccumulatedEarnProfitsEOYAmt,,
1120S,AdditionalPaidInCapitalBOYAmt,,
1120S,AdditionalPaidInCapitalEOYAmt,,
1120S,AddressChangeInd,,
1120S,AdjustedGainOrLossAmt,,
1120S,AdjustmentToShrEqtyBOYAmt,,
1120S,AdjustmentToShrEqtyEOYAmt,,
1120S,AdvertisingAmt,,
1120S,AlcoholFuelCreditAmt,,
1120S,AmendedReturnInd,,
1120S,AttachmentIndicatorCd,,
1120S,BadDebtAllowanceBOYAmt,,
1120S,BadDebtAllowanceEOYAmt,,
1120S,BadDebtExpenseAmt,,
1120S,BalBOYShrUndistrTxblIncmAmt,,
1120S,BalEOYShrUndistrTxblIncmAmt,,
1120S,BalanceBOYAccumAdjAcctAmt,,
1120S,BalanceBOYOtherAdjAcctAmt,,
1120S,BalanceDueAmt,,
1120S,BalanceEOYAccumAdjAcctAmt,,
1120S,BalanceEOYOtherAdjAcctAmt,,
1120S,BuildingOtherDeprecAstBOYAmt,,
1120S,BuildingOtherDeprecAstEOYAmt,,
1120S,BuiltInGainsTaxAmt,,
1120S,CapitalStockBOYAmt,,
1120S,CapitalStockEOYAmt,,
1120S,CashBOYAmt,,
1120S,CashEOYAmt,,
1120S,CharitableContributionsTotAmt,,
1120S,CollectiblesGainLossAmt,,
1120S,CorpOwnPctFrgnDomPrtshpGrp,,
1120S,CorpOwnPctFrgnDomPrtshpGrp/EntityNm,,
1120S,CorpOwnPctStkIssdOutstdGrp,,
1120S,CorpOwnPctStkIssdOutstdGrp/CorporationNm,,
1120S,CorporationOwnPctPrtshpInd,,
1120S,CorporationOwnedPctStkIssdInd,,
1120S,CostOfGoodsSoldAmt,,
1120S,CostOfTreasuryStockBOYAmt,,
1120S,CostOfTreasuryStockEOYAmt,,
1120S,DebtCancelledForgivenModifInd,,
1120S,DepletableAssetsBOYAmt,,
1120S,DepletableAssetsEOYAmt,,
1120S,DepletionAmt,,
1120S,DepletionOtherThanOilAndGasAmt,,
1120S,DepreciationAmt,,
1120S,DepreciationDeductionAmt,,
1120S,DepreciationExpensesAmt,,
1120S,DistributionsOtherThanDivAmt,,
1120S,DivDistriPaidAccumEarnPrftAmt,,
1120S,Elec1141110gFlowThruEntStatement,,
1120S,ElectionEffectiveDt,,
1120S,ElectionTerminationInd,,
1120S,ElectivePaymentAmt,,
1120S,EmployeeBenefitProgramAmt,,
1120S,EnergyEffcntCmrclBldgDedAmt,,
1120S,EsPenaltyAmt,,
1120S,ExcessNetPassiveIncmLIFOTxAmt,,
1120S,ExcessNetPassiveIncmLIFOTxAmt/@lIFOTaxAmt,23a,Line 23a - LIFO Tax Amount
1120S,ExcessNetPassiveIncmLIFOTxAmt/@lIFOTaxCd,23a,Line 23a - LIFO Tax Indicator
1120S,ExpensesFromOtherRentalActyAmt,,
1120S,FiledOrRequiredFileForm8918Ind,,
1120S,FinalReturnInd,,
1120S,FirstYearSCorporationInd,,
1120S,Form2220AttachedInd,,
1120S,Form8996AttachedInd,,
1120S,GrossProfitAmt,,
1120S,GrossReceiptsOrSalesAmt,,
1120S,InactivePrincipalBusActyCd,,
1120S,IncomeDeductionsSubtotalAmt,,
1120S,IncomeExpensesSubtotalAmt,,
1120S,IncomeLossAmt,,
1120S,IncomeLossReconciliationAmt,,
1120S,IncorporationDt,,
1120S,IntangibleAssetsBOYAmt,,
1120S,IntangibleAssetsEOYAmt,,
1120S,InterestDeductionAmt,,
1120S,InterestExpenseOnInvstDbAmt,,
1120S,InterestIncomeAmt,,
1120S,IntntlTaxRelevanceRptgInd,,
1120S,InventoriesBOYAmt,,
1120S,InventoriesEOYAmt,,
1120S,InvestmentExpenseAmt,,
1120S,InvestmentIncomeAmt,,
1120S,LandBOYAmt,,
1120S,LandEOYAmt,,
1120S,LoansFromShareholdersBOYAmt,,
1120S,LoansFromShareholdersEOYAmt,,
1120S,LoansToShareholdersBOYAmt,,
1120S,LoansToShareholdersEOYAmt,,
1120S,LongTermPayableBOYAmt,,
1120S,LongTermPayableEOYAmt,,
1120S,LowIncmHsngCrSect42j5PrtshpAmt,,
1120S,LowIncomeHousingCrOthPrtshpAmt,,
1120S,MethodOfAccountingAccrualInd,,
1120S,MethodOfAccountingCashInd,,
1120S,MethodOfAccountingOtherInd,,
1120S,MethodOfAccountingOtherInd/@methodOfAccountingOtherDesc,,
1120S,MortgageRealEstateLoansBOYAmt,,
1120S,MortgageRealEstateLoansEOYAmt,,
1120S,NameChangeInd,,
1120S,NetDepletableAssetsBOYAmt,,
1120S,NetDepletableAssetsEOYAmt,,
1120S,NetDepreciableAssetsBOYAmt,,
1120S,NetDepreciableAssetsEOYAmt,,
1120S,NetGrossReceiptsOrSalesAmt,,
1120S,NetIncmLossFromOthRntlActyAmt,,
1120S,NetIncomeLossAmt,,
1120S,NetIncomeLossPerBooksAmt,,
1120S,NetIntangibleAssetsBOYAmt,,
1120S,NetIntangibleAssetsEOYAmt,,
1120S,NetLTCapitalGainOrLossAmt,,
1120S,NetSTCapitalGainOrLossAmt,,
1120S,NetSection1231GainLossAmt,,
1120S,NetTradeNotesAcctRcvblBOYAmt,,
1120S,NetTradeNotesAcctRcvblEOYAmt,,
1120S,NetUnrlzdRedPYNetRcgnzGainAmt,,
1120S,NondeductibleExpensesAmt,,
1120S,NotDivDistriAccumAdjAcctAmt,,
1120S,NotDivDistriOtherAdjAcctAmt,,
1120S,NotDivShrUndistrTxblIncmAmt,,
1120S,OfferedDebtInstrumentsInd,,
1120S,OfficersCompensationAmt,,
1120S,OilGasAndGeothermalDedsAmt,,
1120S,OilGasAndGeothermalGroIncmAmt,,
1120S,OrdinaryBusinessIncomeAmt,22,
1120S,OrdinaryBusinessIncomeLossAmt,,
1120S,OrdinaryBusinessLossAmt,,
1120S,OrdinaryDividendsAmt,,
1120S,OtherAMTItemsAmt,,
1120S,OtherAssetsBOYAmt,,
1120S,OtherAssetsEOYAmt,,
1120S,OtherCreditsAmt,,
1120S,OtherCreditsAmt/@emplrCrPdFamilyMedLeaveAmt,,
1120S,OtherCreditsAmt/@otherCreditsTotalDesc,,
1120S,OtherCurrentAssetsBOYAmt,,
1120S,OtherCurrentAssetsEOYAmt,,
1120S,OtherCurrentLiabilitiesBOYAmt,,
1120S,OtherCurrentLiabilitiesEOYAmt,,
1120S,OtherDeductionsAmt,,
1120S,OtherDeductionsAmt/@form4684Cd,12d,"Schedule K, Line 12d - Form 4684 Indicator"
1120S,OtherDeductionsAmt/@otherDeductionsDesc,,
1120S,OtherGrossRentalIncomeLossAmt,,
1120S,OtherIncomeLossAmt,,
1120S,OtherIncomeLossAmt/@globalIntangibleLowTxIncmAmt,,
1120S,OtherIncomeLossAmt/@otherIncomeLossDesc,5,Line 5 - otherIncomeLossItem
1120S,OtherIncomeLossAmt/@otherIncomeTyp,,
1120S,OtherInvestmentsBOYAmt,,
1120S,OtherInvestmentsEOYAmt,,
1120S,OtherLiabilitiesBOYAmt,,
1120S,OtherLiabilitiesEOYAmt,,
1120S,OtherReductionsAccumAdjAcctAmt,,
1120S,OtherReductionsOtherAdjAcctAmt,,
1120S,OtherRentalCreditsAmt,,
1120S,OtherRentalCreditsAmt/@otherRentalCreditDesc,13e,"Schedule K, Line 13e - OtherRentalCreditsAmt"
1120S,OtherRentalRealEstateAmt,,
1120S,OtherRentalRealEstateAmt/@otherRentalRealEstateCrDesc,,
1120S,OtherTaxExemptIncomeAmt,,
1120S,OutstandingRestrictedStockInd,,
1120S,OutstandingStkOptWarrantsInd,,
1120S,OverpaymentSection/AppliedToEsTaxAmt,,
1120S,OverpaymentSection/OverpaymentAmt,,
1120S,OverpaymentSection/RefundAmt,,
1120S,PensionProfitSharingPlansAmt,,
1120S,Post1986DepreciationAdjAmt,,
1120S,PrincipalBusinessActivityCd,,
1120S,PrincipalBusinessActivityDesc,,
1120S,PrincipalProductDesc,,
1120S,PrincipalReductionAmt,,
1120S,QSubElectionTerminatedRvkdInd,,
1120S,QlfyOpportunityFundPenaltyAmt,,
1120S,QlfyRehbltExpendRntlREActyAmt,,
1120S,QualifiedDividendsAmt,,
1120S,RepairsAndMaintenanceAmt,,
1120S,RequiredForms1099FiledInd,,
1120S,RequiredToFileForms1099Ind,,
1120S,RetainedEarningBOYAmt,,
1120S,RetainedEarningEOYAmt,,
1120S,ReturnsAndAllowancesAmt,,
1120S,RoyaltiesReceivedAmt,,
1120S,SalariesAndWagesAmt,,
1120S,SatisfyOneConditionInd,,
1120S,SatisfyOneOrMoreConditionsInd,,
1120S,SchLAndSchM1NotRequiredInd,,
1120S,ScheduleM3AttachedInd,,
1120S,Sect465AtRiskAggregatedActyInd,,
1120S,Sect469PALGroupedActyInd,,
1120S,Section163jElectionInd,,
1120S,Section179ExpenseDeductionAmt,,
1120S,Section59e2ExpenditureAmt,,
1120S,Section59e2ExpenditureAmt/@sect59e2ExpenditureDesc,,
1120S,ShareholderCnt,,
1120S,ShareholderLoanRepaymentAmt,,
1120S,ShortTermPayableBOYAmt,,
1120S,ShortTermPayableEOYAmt,,
1120S,ShrEntTrEstNomneSmlrPrsnInd,,
1120S,SpecialConditionDesc,,"Form 1120S, Top Left Margin - Special Condition Description"
1120S,SubtotalAccumAdjAcctAmt,,
1120S,SubtotalAccumEarnProfitsAmt,,
1120S,SubtotalOtherAdjAcctAmt,,
1120S,SubtotalShrUndistrTxblIncmAmt,,
1120S,SupersededReturnInd,,
1120S,TT,,
1120S,TaxExemptInterestAmt,,
1120S,TaxExemptInterestIncomeAmt,,
1120S,TaxExemptSecuritiesBOYAmt,,
1120S,TaxExemptSecuritiesEOYAmt,,
1120S,TaxPaidForm7004Amt,,
1120S,TaxesAndLicensesAmt,,
1120S,TotIncmRecordedNotIncludedAmt,,
1120S,TotNonrestrictedStockOutsdtNum,,
1120S,TotOvpmtCrAndEstTxPaymentsAmt,,
1120S,TotShareStockOutstandingEOYCnt,,
1120S,TotShrStkOutstdAllExecutedCnt,,
1120S,TotalAssetsAmt,,
1120S,TotalAssetsBOYAmt,,
1120S,TotalAssetsEOYAmt,,
1120S,TotalDeductionAmt,,
1120S,TotalDeductionsNotChargedAmt,,
1120S,TotalExpensesNotDeductedAmt,,
1120S,TotalForeignTaxesPaidOrAccrAmt,,
1120S,TotalFuelTaxCreditAmt,,
1120S,TotalIncmNotRecordedOnBooksAmt,,
1120S,TotalIncomeOrLossAmt,,
1120S,TotalLiabilitiesShrEqtyBOYAmt,,
1120S,TotalLiabilitiesShrEqtyEOYAmt,,
1120S,TotalOrdinaryGainLossAmt,17,
1120S,TotalOrdinaryGainLossAmt/@form4684Cd,4,Line 4 - Form 4684 Indicator
1120S,TotalOtherAddnAccumAdjAcctAmt,,
1120S,TotalOtherAddnOtherAdjAcctAmt,,
1120S,TotalPaymentsAmt,,
1120S,TotalPaymentsAmt/@beneficiaryTrustAmt,24z,Line 24z - Beneficiary Of Trust Amount
1120S,TotalPaymentsAmt/@beneficiaryTrustCd,24z,Line 24z - Beneficiary Of Trust Indicator
1120S,TotalRentOrLeaseExpenseAmt,,
1120S,TotalRestrictedStockOutstdNum,,
1120S,TotalTaxAmt,,
1120S,TotalTaxAmt/@bBAImputeUnderpaymentAmt,23c,Line 23c - Bipartisan Budget Act Imputed Underpayment Amount
1120S,TotalTaxAmt/@bBAImputeUnderpaymentCd,23c,Line 23c - Bipartisan Budget Act Imputed Underpayment Indicator
1120S,TotalTaxAmt/@form8697Amt,23c,Line 23c - From Form 8697 Amount
1120S,TotalTaxAmt/@form8697Cd,23c,Line 23c - From Form 8697 Indicator
1120S,TotalTaxAmt/@form8866Amt,23c,Line 23c - From Form 8866 Amount
1120S,TotalTaxAmt/@form8866Cd,23c,Line 23c - From Form 8866 Indicator
1120S,TotalTaxAmt/@lIFOTaxAmt,23c,Line 23c - LIFO Tax Amount
1120S,TotalTaxAmt/@lIFOTaxCd,23c,Line 23c - LIFO Tax Indicator
1120S,TotalTaxAmt/@taxFromForm4255Amt,23c,Line 23c - Tax From Form 4255 Amount
1120S,TotalTaxAmt/@taxFromForm4255Cd,23c,Line 23c - Tax From Form 4255 Indicator
1120S,TradeNotesAccountsRcvblBOYAmt,,
1120S,TradeNotesAccountsRcvblEOYAmt,,
1120S,TravelEntertainmentAmt,,
1120S,USGovernmentObligationsBOYAmt,,
1120S,USGovernmentObligationsEOYAmt,,
1120S,UnrecapturedSection1250GainAmt,,
1120S,VirtualCurAcquiredDurTYInd,,
1040,AdditionalChildTaxCreditAmt,,
1040,AdditionalTaxAmt,,
1040,AddressChangeInd,,
1040,AdjustedGrossIncomeAmt,,
1040,AmendedReturnInd,,
1040,AppliedToEsTaxAmt,,
1040,BankAccountTypeCd,,
1040,CTCODCAmt,,
1040,CapitalDistributionInd,,
1040,CapitalGainLossAmt,,
1040,ChldWhoLivedWithYouCnt,,Dependents - Children Who Lived You Count
1040,CombatZoneCd,,Top Right Margin - Combat Zone Code
1040,CombatZoneCd/@combatZoneDt,,Top Right Margin - Combat Zone Date
1040,CommPropStateRtnInd,,Top Right Margin - Community Property Return Indicator
1040,DependentDetail,,
1040,DepositorAccountNum,,
1040,EICEligibilityLiteralCd,27,Line 27 - Earned Income Credit Eligibility Literal Code
1040,EarnedIncomeCreditAmt,,
1040,EsPenaltyAmt,,
1040,EstimatedTaxPaymentsAmt,,
1040,EstimatedTaxPaymentsAmt/@divorcedLiteralCd,26,Line 26 - Divorced Literal Cd
1040,EstimatedTaxPaymentsAmt/@divorcedSpouseSSN,26,Line 26 - Divorced Spouse SSN
1040,ExcldSect933PuertoRicoIncmAmt,11,Line 11 - Excluded Section 933 Puerto Rico Income Amount
1040,ExcldSect933PuertoRicoIncmAmt/@excldSect933PuertoRicoIncmCd,11,Line 11 - Excluded Section 933 Puerto Rico Income Code
1040,ExemptSpouseNameControlTxt,,Standard Deduction - Exempt Spouse Name Control
1040,ExemptSpouseNm,,Standard Deduction - Exempt Spouse Name
1040,FiledPursuantToSect30191002Cd,,Top Right Margin - Filed Pursuant To Section 30191002 Code
1040,ForeignEmployerPensionCd,5b,Line 5b - Foreign Employer Pension Code
1040,Form1040SRInd,,
1040,Form1099WithheldTaxAmt,,
1040,Form4972Ind,,
1040,Form8814Amt,7,Line 7 - Form 8814 Amount
1040,Form8814Cd,7,Line 7 - Form 8814 Code
1040,Form8814Ind,,
1040,Form8814Ind/@childInterestAndDividendTaxAmt,16,Line 16(1) - Child Interest and Dividend Tax Amount
1040,Form8854DeferredTaxGrp,23,Line 23 - Deferred Tax 1 Total Tax Deferred Amount
1040,Form8888Ind,34,
1040,FormW2WithheldTaxAmt,,
1040,HouseholdEmployeeWagesAmt,,
1040,IRADistributionsAmt,,
1040,IRADistributionsLiteralCd,4b,Line 4b - IRA Distributions Literal Code
1040,IndividualReturnFilingStatusCd,,
1040,LumpSumElectionMethodInd,,
1040,MedicaidWaiverPymtNotRptW2Amt,,
1040,MoreDependentsInd,,
1040,MustItemizeInd,,
1040,NRALiteralCd,,Filing Status - Non-Resident Alien Literal Code
1040,NonPaidPreparerCd,,Top Right Margin - Non Paid Preparer Code
1040,NontxCombatPayElectionAmt,,
1040,OrdinaryDividendsAmt,,
1040,OrdinaryF8814Amt,3b,Line 3b - Ordinary Dividends Form 8814 Amount
1040,OrdinaryF8814Cd,3b,Line 3b - Ordinary Dividends Form 8814 Code
1040,OtherDependentsListedCnt,,Dependents - Other Dependents Listed Count
1040,OtherEarnedIncomeAmt,,
1040,OtherEarnedIncomeAmt/@wagesNotShownLitOnlyCd,1h,Line 1h - Wages Not Shown Lit Only Code
1040,OtherTaxAmtGrp,16,Line 16(3) - Other Tax Groups
1040,OtherTaxAmtGrp/OtherTaxAmt,16,Line 16(3) - Other Tax Amount
1040,OtherTaxAmtGrp/OtherTaxAmtCd,16,Line 16(3) - Other Tax Amount Code
1040,OtherTaxAmtGrp/OtherTaxTxt,16,Line 16(3) - Other Tax Amount Code
1040,OtherTaxAmtInd,,
1040,OverpaidAmt,,
1040,OwedAmt,,
1040,PECFPrimaryInd,,
1040,PECFSpouseInd,,
1040,PensionsAnnuitiesAmt,,
1040,PersonalRepresentativeInd,,Top Right Margin - Personal Representative
1040,PowerOfAttorneyNm,,Top Right Margin - Power Of Attorney Name
1040,PowerOfAttorneySignedByInd,,Top Right Margin - Signed by Power Of Attorney Checkbox
1040,Primary65OrOlderInd,,
1040,PrimaryBlindInd,,
1040,PrimaryClaimAsDependentInd,,
1040,PrimaryDeathDt,,Top Right Margin - Primary Date Of Death
1040,PrimaryOccupationTxt,,
1040,QualifiedBusinessIncomeDedAmt,,
1040,QualifiedDividendsAmt,,
1040,QualifiedF8814Amt,3a,Line 3a - Qualified Dividends Form 8814 Amount
1040,QualifiedF8814Cd,3a,Line 3a -  Qualified Dividends Form 8814 Code
1040,QualifyingHOHNm,,Filing Status - Qualifying HOH SSN
1040,QualifyingHOHSSN,,Filing Status - Qualifying HOH SSN
1040,QualifyingPersonName,,
1040,QualifyingPersonName/PersonFirstNm,,
1040,QualifyingPersonName/PersonLastNm,,
1040,QualifyingPersonSSN,,Filing Status - Qualifying Person SSN
1040,RefundAmt,,
1040,RefundProductCd,,Top Right Margin - Refund Product Code
1040,RefundProductCodeTxt,,Top Right Margin - Refund Product Code Text
1040,RefundableAmerOppCreditAmt,,
1040,RefundableCreditsAmt,,
1040,RoutingTransitNum,,
1040,ScheduleQCd,15,Line 15 - Schedule Q Code
1040,SocSecBnftAmt,,
1040,SocSecBnftAmt/@socSecBnftCd,6a,Line 6a - Social Security Benefits Code
1040,SpecialConditionDesc,,Top Right Margin - Special Condition Description
1040,SpecialProcessingCodeTxt,,Top Right Margin - Special Processing Code Text
1040,SpecialProcessingLiteralCd,,Top Right Margin - Special Processing Literal Code
1040,Spouse65OrOlderInd,,
1040,SpouseBlindInd,,
1040,SpouseClaimAsDependentInd,,
1040,SpouseDeathDt,,Top Right Margin - Spouse Date Of Death
1040,SpouseNm,,Filing Status - Spouse's Name
1040,SpouseOccupationTxt,,
1040,SupersededReturnInd,,
1040,SurvivingSpouseInd,,Top Right Margin - Surviving Spouse Indicator
1040,TaxAmt,,
1040,TaxExemptInterestAmt,,
1040,TaxLessCreditsAmt,,
1040,TaxWithheldOtherAmt,,
1040,TaxableBenefitsAmt,,
1040,TaxableBenefitsForm8839Amt,,
1040,TaxableForeignPensionsTotalAmt,5b,Line 5b - Taxable Foreign Pensions Total Amount
1040,TaxableIRAAmt,,
1040,TaxableIncomeAmt,,
1040,TaxableIncomeAmt/@capitalConstructionFundAmt,15,Line 15 - Capital Construction Fund Amount
1040,TaxableIncomeAmt/@capitalConstructionFundCd,15,Line 15 - Capital Construction Fund Code
1040,TaxableInterestAmt,,
1040,TaxableSocSecAmt,,
1040,ThirdPartyDesigneeInd,,
1040,ThirdPartyDesigneeNm,,
1040,ThirdPartyDesigneePIN,,
1040,ThirdPartyDesigneePhoneNum,,
1040,TipIncomeAmt,,
1040,TotalAdditionalIncomeAmt,,
1040,TotalAdjustmentsAmt,,
1040,TotalBoxesCheckedCnt,,Age/Blindness - Total Boxes Checked Count
1040,TotalCreditsAmt,,
1040,TotalDeductionsAmt,,
1040,TotalExemptPrimaryAndSpouseCnt,,Standard Deduction - Total Exempt Primary And Spouse Cnt
1040,TotalExemptionsCnt,,Dependents - Total Exemptions Count
1040,TotalIncomeAmt,,
1040,TotalItemizedOrStandardDedAmt,,
1040,TotalItemizedOrStandardDedAmt/@modifiedStandardDeductionInd,12a,Line 12a - Modified Standard Deduction Ind
1040,TotalNonrefundableCreditsAmt,,
1040,TotalOtherPaymentsRfdblCrAmt,,
1040,TotalOtherTaxesAmt,,
1040,TotalPaymentsAmt,,
1040,TotalPaymentsAmt/@form8689Amt,33,Line 33 - Form 8689 Amount
1040,TotalPaymentsAmt/@form8689Cd,33,Line 33 - Form 8689 Code
1040,TotalTaxAmt,,
1040,TotalTaxBeforeCrAndOthTaxesAmt,,
1040,TotalTaxablePensionsAmt,,
1040,TotalTaxablePensionsAmt/@pensionsAnnuitiesLiteralCd,5b,Line 5b - Pensions and Annuities Literal Code
1040,TotalWagesWithNoWithholdingAmt,,
1040,VirtualCurAcquiredDurTYInd,,
1040,WagesAmt,,
1040,WagesSalariesAndTipsAmt,,
1040,WithholdingTaxAmt,,
